"b0","b1","b2","q","Lor_linear","Lor_se","CI"
-6371.58301635557,634.22050352582,-1,2036.7,132.657581087868,11.64531801916,"(109.833, 155.482)"
