"b0","b1","b2","q","Lor_linear","Lor_se","CI"
3163.7518555269,-123.104225500096,-1,3435.56,275.315463487907,18.9831355883748,"(238.109, 312.522)"
