"b0","b1","b2","q","Lor_linear","Lor_se","CI"
-16400.5237600724,2069.53016437197,-1,7252.01,815.328369731781,39.2720501113822,"(738.355, 892.302)"
