"b0","b1","b2","q","Lor_linear","Lor_se","CI"
-13704.0045162634,1825.86913769755,-1,11528.66,1762.32530060064,63.8291478443022,"(1637.22, 1887.43)"
