"b0","b1","b2","q","Lor_linear","Lor_se","CI"
3849.72612199146,333.043259524996,-1,29339.89,7729.22044280675,150.431207403917,"(7434.375, 8024.066)"
