"b0","b1","b2","q","Lor_linear","Lor_se","CI"
1197760.13363754,-77052.9864776098,1,150248.43,16672.690108901,227.160821925928,"(16227.455, 17117.925)"
