"b0","b1","b2","q","CVaR_linear","CVaR_se","CI"
-6371.58301635557,634.22050352582,-1,2036.7,530.630324351473,46.58127207664,"(439.331, 621.93)"
