"b0","b1","b2","q","CVaR_linear","CVaR_se","CI"
3163.7518555269,-123.104225500096,-1,3435.56,917.718211626356,63.277118627916,"(793.695, 1041.741)"
