"b0","b1","b2","q","CVaR_linear","CVaR_se","CI"
3849.72612199146,333.043259524996,-1,29339.89,9661.52555350844,188.039009254897,"(9292.969, 10030.082)"
