"CVaR_all","CVaR_se_all","all_CI","CVaR_none","CVaR_se_none","none_CI"
451.026777619925,40.0002777405306,"(372.626, 529.427)",376.96783391623,40.0002777405306,"(298.567, 455.368)"
