"CVaR_all","CVaR_se_all","all_CI","CVaR_none","CVaR_se_none","none_CI"
838.930127072015,56.1379314553532,"(728.9, 948.96)",695.647417183614,56.1379314553532,"(585.617, 805.678)"
