"b0","b1","b2","q","CVaR_linear","CVaR_se","CI"
-16400.5237600724,2069.53016437197,-1,7252.01,2038.32092432945,98.1801252784554,"(1845.888, 2230.754)"
