"b0","b1","b2","q","CVaR_linear","CVaR_se","CI"
-13704.0045162634,1825.86913769755,-1,11528.66,3524.65060120128,127.658295688604,"(3274.44, 3774.861)"
