"thres","AVaR"
0.170000000000001,18.7629459470882
0.600000000000001,21.397308447037
